"Age","Religion","Population","Percentage"
0,"Buddhist",1025,0.1770339473
1,"Buddhist",1175,0.1939135888
2,"Buddhist",1310,0.2116196984
3,"Buddhist",1370,0.2187240565
4,"Buddhist",1490,0.2304236548
5,"Buddhist",1565,0.2375927978
6,"Buddhist",1640,0.2520905066
7,"Buddhist",1770,0.2686438041
8,"Buddhist",1915,0.2791036619
9,"Buddhist",1865,0.2685520509
10,"Buddhist",1855,0.2670947863
11,"Buddhist",1865,0.2711879194
12,"Buddhist",1875,0.2736187724
13,"Buddhist",1900,0.2783393396
14,"Buddhist",1890,0.2849754604
15,"Buddhist",1705,0.264706339
16,"Buddhist",1825,0.2810005158
17,"Buddhist",1885,0.2935931282
18,"Buddhist",2115,0.3340968328
19,"Buddhist",2365,0.3637258445
20,"Buddhist",2830,0.435857353
21,"Buddhist",2900,0.4339141299
22,"Buddhist",2955,0.4298056784
23,"Buddhist",3120,0.4468057684
24,"Buddhist",3260,0.4585123665
25,"Buddhist",3080,0.4326419958
26,"Buddhist",3135,0.4309870773
27,"Buddhist",3305,0.4448841686
28,"Buddhist",3590,0.4746605318
29,"Buddhist",3570,0.4596102968
30,"Buddhist",3745,0.4693423567
31,"Buddhist",3920,0.4969668541
32,"Buddhist",4035,0.5103492762
33,"Buddhist",4305,0.5387647832
34,"Buddhist",4365,0.5623767989
35,"Buddhist",4525,0.582780604
36,"Buddhist",4810,0.6268857074
37,"Buddhist",4885,0.6482820857
38,"Buddhist",5220,0.6970548764
39,"Buddhist",5520,0.7367121551
40,"Buddhist",5490,0.7165277769
41,"Buddhist",5560,0.7372049854
42,"Buddhist",5575,0.7804242988
43,"Buddhist",5455,0.8110921121
44,"Buddhist",5710,0.8483011692
45,"Buddhist",5450,0.7981839484
46,"Buddhist",5580,0.7974732389
47,"Buddhist",5490,0.7727007227
48,"Buddhist",5650,0.7634774031
49,"Buddhist",5580,0.7250613963
50,"Buddhist",5510,0.7016516191
51,"Buddhist",5075,0.6601626016
52,"Buddhist",5265,0.6696002747
53,"Buddhist",4915,0.6289992321
54,"Buddhist",4635,0.589668399
55,"Buddhist",4625,0.5898369499
56,"Buddhist",4425,0.5644456633
57,"Buddhist",4135,0.5404275063
58,"Buddhist",4130,0.5516707074
59,"Buddhist",3860,0.5327628446
60,"Buddhist",3640,0.5189620758
61,"Buddhist",3260,0.4891736566
62,"Buddhist",2975,0.4559911101
63,"Buddhist",2905,0.4594229142
64,"Buddhist",2775,0.4598748809
65,"Buddhist",2695,0.4678575769
66,"Buddhist",2735,0.4878614366
67,"Buddhist",2575,0.4598378514
68,"Buddhist",2505,0.4633054672
69,"Buddhist",2430,0.458317616
70,"Buddhist",2260,0.4266727081
71,"Buddhist",2335,0.4328362359
72,"Buddhist",2135,0.3896483127
73,"Buddhist",2060,0.3473158889
74,"Buddhist",1800,0.306936771
75,"Buddhist",1270,0.2877404445
76,"Buddhist",1310,0.2840077614
77,"Buddhist",1125,0.267828447
78,"Buddhist",955,0.2462514343
79,"Buddhist",790,0.2406262374
80,"Buddhist",660,0.2153554997
81,"Buddhist",605,0.1954165926
82,"Buddhist",560,0.1913908303
83,"Buddhist",465,0.1719261272
84,"Buddhist",375,0.1518464529
85,"Buddhist",330,0.1495988032
86,"Buddhist",260,0.1325989392
87,"Buddhist",210,0.12292563
88,"Buddhist",170,0.111684131
89,"Buddhist",160,0.1205046131
90,"Buddhist",120,0.103977125
91,"Buddhist",90,0.0963133394
92,"Buddhist",85,0.1133862469
93,"Buddhist",50,0.0859254167
94,"Buddhist",50,0.109373291
95,"Buddhist",40,0.1174570548
96,"Buddhist",20,0.0793493354
97,"Buddhist",15,0.0837520938
98,"Buddhist",15,0.1177856302
99,"Buddhist",10,0.1102535832
100,"Buddhist",2,0.0152473889
0,"Christian",144055,24.8806100331
1,"Christian",164135,27.0876654454
2,"Christian",185310,29.9353025273
3,"Christian",198900,31.7549013347
4,"Christian",215020,33.2521437905
5,"Christian",231120,35.0878258361
6,"Christian",236740,36.3901869159
7,"Christian",246725,37.4469732039
8,"Christian",261550,38.1198761159
9,"Christian",266535,38.3799039548
10,"Christian",269740,38.8388936084
11,"Christian",267430,38.8867481442
12,"Christian",265370,38.7254472755
13,"Christian",260630,38.1808326741
14,"Christian",250560,37.7796038992
15,"Christian",240535,37.3437766841
16,"Christian",238365,36.7017468224
17,"Christian",230790,35.9460785459
18,"Christian",209575,33.1055998736
19,"Christian",197850,30.4283967611
20,"Christian",193655,29.825426039
21,"Christian",199275,29.8166338737
22,"Christian",207495,30.1802129393
23,"Christian",209295,29.9725042604
24,"Christian",212055,29.8251042553
25,"Christian",210575,29.5790870973
26,"Christian",214830,29.5339565576
27,"Christian",219615,29.5622501312
28,"Christian",227200,30.0397974429
29,"Christian",237770,30.611075707
30,"Christian",248690,31.1670896388
31,"Christian",253765,32.1716310528
32,"Christian",259950,32.8786355271
33,"Christian",269700,33.7525811902
34,"Christian",270145,34.8048752206
35,"Christian",275990,35.5451091506
36,"Christian",279510,36.4284457535
37,"Christian",279940,37.1504784149
38,"Christian",284280,37.9614483251
39,"Christian",288775,38.5405892363
40,"Christian",302565,39.4892945007
41,"Christian",302755,40.1425351366
42,"Christian",293200,41.0440187302
43,"Christian",280165,41.6571258642
44,"Christian",284295,42.2360386861
45,"Christian",294705,43.1612478032
46,"Christian",307065,43.8846093382
47,"Christian",315585,44.4176243323
48,"Christian",337235,45.5701419527
49,"Christian",358135,46.5358177731
50,"Christian",375200,47.7785276777
51,"Christian",377380,49.0900813008
52,"Christian",397245,50.5214361114
53,"Christian",406000,51.9580240594
54,"Christian",416585,52.9982761582
55,"Christian",425460,54.2598981017
56,"Christian",436140,55.6332952784
57,"Christian",435200,56.8788514445
58,"Christian",434815,58.0810408276
59,"Christian",429230,59.2429522791
60,"Christian",422165,60.1889078985
61,"Christian",407565,61.1564605435
62,"Christian",405140,62.0975591064
63,"Christian",397430,62.8531665388
64,"Christian",383325,63.5248788168
65,"Christian",368980,64.0556915438
66,"Christian",363040,64.75803143
67,"Christian",368160,65.7452051859
68,"Christian",359035,66.4043426796
69,"Christian",357430,67.414183327
70,"Christian",363135,68.5574309017
71,"Christian",375830,69.667170252
72,"Christian",388860,70.9689193875
73,"Christian",430055,72.5072497977
74,"Christian",432095,73.6810244867
75,"Christian",325980,73.8564016585
76,"Christian",345270,74.8544731222
77,"Christian",317460,75.5776166839
78,"Christian",295725,76.2541417944
79,"Christian",250840,76.4033992263
80,"Christian",233840,76.3011061442
81,"Christian",238245,76.9537621732
82,"Christian",226695,77.4774005024
83,"Christian",210830,77.9509363504
84,"Christian",192970,78.1381600259
85,"Christian",172950,78.403372773
86,"Christian",154085,78.5827213382
87,"Christian",134590,78.7836216232
88,"Christian",119475,78.4909503006
89,"Christian",104740,78.8853323291
90,"Christian",90640,78.5373884412
91,"Christian",73060,78.1850286265
92,"Christian",58735,78.3498966184
93,"Christian",45540,78.2608695652
94,"Christian",35685,78.0597178169
95,"Christian",26395,77.5069740126
96,"Christian",19410,77.0085300536
97,"Christian",13695,76.4656616415
98,"Christian",9665,75.8932076953
99,"Christian",6855,75.578831312
100,"Christian",9860,75.1696272013
0,"Hindu",10915,1.8851956441
1,"Hindu",11970,1.9754431132
2,"Hindu",12370,1.9982715032
3,"Hindu",13150,2.0994316368
4,"Hindu",13945,2.1565489032
5,"Hindu",14175,2.151998664
6,"Hindu",14375,2.2096347762
7,"Hindu",14095,2.1392849825
8,"Hindu",14340,2.0899981782
9,"Hindu",14355,2.0670588151
10,"Hindu",13805,1.9877323581
11,"Hindu",13020,1.8932261184
12,"Hindu",12475,1.8204768993
13,"Hindu",12285,1.7996835721
14,"Hindu",11265,1.6985442127
15,"Hindu",10720,1.6643119964
16,"Hindu",10665,1.6421208225
17,"Hindu",9750,1.5185851459
18,"Hindu",9420,1.4880341205
19,"Hindu",9490,1.4595172366
20,"Hindu",9440,1.4538845979
21,"Hindu",9780,1.4633379967
22,"Hindu",11120,1.6174074936
23,"Hindu",12420,1.7786306549
24,"Hindu",12765,1.7953712755
25,"Hindu",12700,1.7839458917
26,"Hindu",12395,1.7040142975
27,"Hindu",12920,1.7391538451
28,"Hindu",13445,1.7776631893
29,"Hindu",14485,1.8648333752
30,"Hindu",16000,2.0052009901
31,"Hindu",17250,2.1869077125
32,"Hindu",18390,2.3259784856
33,"Hindu",20470,2.5617921282
34,"Hindu",20895,2.6920648827
35,"Hindu",22220,2.8617425462
36,"Hindu",22525,2.9356757919
37,"Hindu",22995,3.051636962
38,"Hindu",23115,3.0866711624
39,"Hindu",23000,3.0696339795
40,"Hindu",23045,3.0077199668
41,"Hindu",21670,2.8732431716
42,"Hindu",20770,2.9075179708
43,"Hindu",18960,2.8191212549
44,"Hindu",18360,2.7276373847
45,"Hindu",17055,2.4978031634
46,"Hindu",15515,2.2173471867
47,"Hindu",14300,2.0126812997
48,"Hindu",13680,1.8485612167
49,"Hindu",13175,1.7119505191
50,"Hindu",12210,1.5548396134
51,"Hindu",12010,1.5622764228
52,"Hindu",11465,1.4581134187
53,"Hindu",10965,1.4032505759
54,"Hindu",10255,1.3046492841
55,"Hindu",10195,1.3001919361
56,"Hindu",9895,1.2621897941
57,"Hindu",9685,1.2657896972
58,"Hindu",9740,1.3010345495
59,"Hindu",9975,1.3767640868
60,"Hindu",9945,1.4178785287
61,"Hindu",9635,1.445763246
62,"Hindu",9400,1.4407786336
63,"Hindu",9090,1.4375746266
64,"Hindu",9125,1.5122011849
65,"Hindu",8795,1.5268301998
66,"Hindu",8660,1.5447459018
67,"Hindu",8235,1.4705882353
68,"Hindu",7685,1.4213582896
69,"Hindu",7405,1.3966427763
70,"Hindu",7400,1.397069929
71,"Hindu",6730,1.2475322773
72,"Hindu",6145,1.1214936214
73,"Hindu",5640,0.9509036957
74,"Hindu",4955,0.8449287225
75,"Hindu",4280,0.9697079548
76,"Hindu",4000,0.8671992716
77,"Hindu",3930,0.9356140414
78,"Hindu",3785,0.9759808156
79,"Hindu",3360,1.0234229844
80,"Hindu",3265,1.0653571312
81,"Hindu",3160,1.0206883186
82,"Hindu",2870,0.9808780054
83,"Hindu",2595,0.95945871
84,"Hindu",2330,0.9434726271
85,"Hindu",2030,0.9202593046
86,"Hindu",1675,0.8542431661
87,"Hindu",1495,0.8751134135
88,"Hindu",1215,0.7982130539
89,"Hindu",955,0.7192619092
90,"Hindu",760,0.6585217919
91,"Hindu",600,0.6420889293
92,"Hindu",440,0.5869405723
93,"Hindu",315,0.5413301255
94,"Hindu",220,0.4812424806
95,"Hindu",185,0.5432388783
96,"Hindu",130,0.5157706804
97,"Hindu",90,0.5025125628
98,"Hindu",65,0.5104043973
99,"Hindu",35,0.3858875413
100,"Hindu",65,0.4955401388
0,"Jewish",3425,0.5915524582
1,"Jewish",3460,0.5710136317
2,"Jewish",3435,0.5548959267
3,"Jewish",3615,0.5771441344
4,"Jewish",3425,0.5296651125
5,"Jewish",3640,0.5526120026
6,"Jewish",3585,0.551063699
7,"Jewish",3740,0.5676428403
8,"Jewish",3630,0.5290581162
9,"Jewish",3815,0.5493437394
10,"Jewish",3800,0.5471483492
11,"Jewish",3625,0.5271078863
12,"Jewish",3660,0.5341038438
13,"Jewish",3755,0.5500864317
14,"Jewish",3535,0.5330096575
15,"Jewish",3415,0.5301889429
16,"Jewish",3200,0.4927132332
17,"Jewish",3020,0.4703720144
18,"Jewish",2865,0.452570887
19,"Jewish",2755,0.4237060049
20,"Jewish",2790,0.429696825
21,"Jewish",2770,0.4144628068
22,"Jewish",2810,0.4087153828
23,"Jewish",2890,0.4138681637
24,"Jewish",3005,0.4226471354
25,"Jewish",2970,0.4171904959
26,"Jewish",2960,0.4069287875
27,"Jewish",3035,0.4085396223
28,"Jewish",3025,0.3999576904
29,"Jewish",2935,0.3778588855
30,"Jewish",3105,0.3891343171
31,"Jewish",2995,0.3796978898
32,"Jewish",3110,0.3933547086
33,"Jewish",3175,0.3973468494
34,"Jewish",2955,0.3807155649
35,"Jewish",3030,0.3902376199
36,"Jewish",3060,0.3988087868
37,"Jewish",3065,0.4067522196
38,"Jewish",3120,0.4166305008
39,"Jewish",3035,0.4050582229
40,"Jewish",3130,0.4085121934
41,"Jewish",3175,0.4209758685
42,"Jewish",3050,0.426958585
43,"Jewish",3050,0.4534978812
44,"Jewish",3005,0.4464352038
45,"Jewish",2965,0.4342413591
46,"Jewish",3015,0.4308927984
47,"Jewish",3195,0.4496864862
48,"Jewish",3065,0.4141696001
49,"Jewish",3045,0.3956652243
50,"Jewish",3095,0.3941219167
51,"Jewish",3030,0.3941463415
52,"Jewish",3135,0.3987078559
53,"Jewish",2995,0.383286409
54,"Jewish",3030,0.3854790181
55,"Jewish",3120,0.3979008181
56,"Jewish",3150,0.4018087773
57,"Jewish",3170,0.4143059721
58,"Jewish",2970,0.3967220341
59,"Jewish",3085,0.4257962113
60,"Jewish",3125,0.4455374964
61,"Jewish",2925,0.4389058116
62,"Jewish",2995,0.4590565965
63,"Jewish",3000,0.4744470715
64,"Jewish",2935,0.4863901893
65,"Jewish",2910,0.5051820218
66,"Jewish",2865,0.5110504629
67,"Jewish",2995,0.53484053
68,"Jewish",2940,0.54375971
69,"Jewish",3045,0.5743115805
70,"Jewish",3100,0.5852590243
71,"Jewish",3215,0.595960813
72,"Jewish",3325,0.6068293395
73,"Jewish",3475,0.5858848125
74,"Jewish",3545,0.6044949185
75,"Jewish",2885,0.6536466004
76,"Jewish",2915,0.6319714691
77,"Jewish",2735,0.6511207133
78,"Jewish",2305,0.5943555561
79,"Jewish",1625,0.4949590326
80,"Jewish",1605,0.5237054198
81,"Jewish",1765,0.5700996463
82,"Jewish",1785,0.6100582717
83,"Jewish",1740,0.6433364761
84,"Jewish",1675,0.6782474895
85,"Jewish",1460,0.6618613718
86,"Jewish",1320,0.6731946144
87,"Jewish",1220,0.7141393743
88,"Jewish",1235,0.8113523634
89,"Jewish",1055,0.7945772924
90,"Jewish",900,0.7798284377
91,"Jewish",820,0.8775215367
92,"Jewish",715,0.9537784299
93,"Jewish",565,0.9709572091
94,"Jewish",455,0.9952969485
95,"Jewish",400,1.1745705476
96,"Jewish",290,1.150565364
97,"Jewish",275,1.535455053
98,"Jewish",170,1.3349038084
99,"Jewish",95,1.0474090408
100,"Jewish",180,1.3722649996
0,"Muslim",66760,11.5305232433
1,"Muslim",71145,11.741261511
2,"Muslim",71150,11.493695833
3,"Muslim",70645,11.278657641
4,"Muslim",75610,11.6928406288
5,"Muslim",74835,11.3611865976
6,"Muslim",74485,11.4493666995
7,"Muslim",75105,11.3991485357
8,"Muslim",76840,11.1991255238
9,"Muslim",76915,11.0754321672
10,"Muslim",76375,10.9969618868
11,"Muslim",77075,11.2074042299
12,"Muslim",76870,11.2176400198
13,"Muslim",75630,11.0793706601
14,"Muslim",72325,10.9052117338
15,"Muslim",70625,10.9647420472
16,"Muslim",70820,10.9043597422
17,"Muslim",68530,10.6737066717
18,"Muslim",66595,10.5197061843
19,"Muslim",64265,9.8836538683
20,"Muslim",61220,9.4286880386
21,"Muslim",59170,8.8533445054
22,"Muslim",58025,8.4397544799
23,"Muslim",56880,8.1456128543
24,"Muslim",55860,7.8565953347
25,"Muslim",55590,7.808626151
26,"Muslim",55360,7.6106681331
27,"Muslim",55705,7.4984183392
28,"Muslim",55225,7.3017069269
29,"Muslim",55455,7.1394086862
30,"Muslim",57755,7.2381489488
31,"Muslim",60995,7.7327788941
32,"Muslim",63240,7.9986340094
33,"Muslim",64475,8.0689568863
34,"Muslim",64925,8.3647912184
35,"Muslim",66060,8.5079528624
36,"Muslim",66165,8.6232625426
37,"Muslim",64745,8.5922259233
38,"Muslim",65350,8.7265394964
39,"Muslim",63905,8.5289112809
40,"Muslim",65450,8.542211839
41,"Muslim",65260,8.6528772209
42,"Muslim",61030,8.543371293
43,"Muslim",57135,8.4952791614
44,"Muslim",56605,8.4094724488
45,"Muslim",53775,7.875659051
46,"Muslim",51605,7.3751982964
47,"Muslim",49985,7.0352359974
48,"Muslim",46545,6.2895673853
49,"Muslim",43965,5.7127821307
50,"Muslim",43575,5.5489054999
51,"Muslim",42015,5.4653658537
52,"Muslim",38405,4.884330209
53,"Muslim",35115,4.4938571794
54,"Muslim",30740,3.9107673322
55,"Muslim",28840,3.6780319213
56,"Muslim",26020,3.3190680588
57,"Muslim",23070,3.0151541885
58,"Muslim",22645,3.0248385395
59,"Muslim",21190,2.9246747869
60,"Muslim",21040,2.999714856
61,"Muslim",20855,3.1293609231
62,"Muslim",18605,2.8516687742
63,"Muslim",18060,2.8561713703
64,"Muslim",17150,2.8421096242
65,"Muslim",16350,2.8383938337
66,"Muslim",15295,2.7282781256
67,"Muslim",14000,2.5000892889
68,"Muslim",14070,2.6022786121
69,"Muslim",11945,2.2529234251
70,"Muslim",10875,2.0531264159
71,"Muslim",9710,1.7999314135
72,"Muslim",8180,1.4928914277
73,"Muslim",7745,1.3058065821
74,"Muslim",6725,1.1467498806
75,"Muslim",6320,1.4319052043
76,"Muslim",5830,1.2639429383
77,"Muslim",5495,1.3081931698
78,"Muslim",5565,1.4349625466
79,"Muslim",5045,1.5366574274
80,"Muslim",5395,1.7603680621
81,"Muslim",5440,1.7571343206
82,"Muslim",4635,1.5841008903
83,"Muslim",4125,1.5251511286
84,"Muslim",3885,1.5731292517
85,"Muslim",3410,1.5458542998
86,"Muslim",2920,1.4891880865
87,"Muslim",2385,1.3960839406
88,"Muslim",2030,1.3336399172
89,"Muslim",1510,1.1372622858
90,"Muslim",1385,1.2000693181
91,"Muslim",1135,1.2146182246
92,"Muslim",635,0.8470619622
93,"Muslim",530,0.9108094174
94,"Muslim",365,0.7984250246
95,"Muslim",260,0.763470856
96,"Muslim",205,0.8133306884
97,"Muslim",125,0.697934115
98,"Muslim",80,0.6281900275
99,"Muslim",65,0.7166482911
100,"Muslim",150,1.1435541663
0,"No_Religion",295495,51.0367280672
1,"No_Religion",298235,49.2185694953
2,"No_Religion",291790,47.136268547
3,"No_Religion",286740,45.778785363
4,"No_Religion",285190,44.1037061093
5,"No_Religion",281395,42.720399581
6,"No_Religion",269310,41.3966428923
7,"No_Religion",267735,40.6357903364
8,"No_Religion",276215,40.2572417562
9,"No_Religion",279850,40.2972072027
10,"No_Religion",278775,40.1398108019
11,"No_Religion",275625,40.0783754898
12,"No_Religion",276060,40.2854391034
13,"No_Religion",278335,40.774515836
14,"No_Religion",274365,41.3689376748
15,"No_Religion",269140,41.7847883126
16,"No_Religion",275515,42.4218395141
17,"No_Religion",278260,43.3396413024
18,"No_Religion",284540,44.9474765026
19,"No_Religion",302900,46.5845912506
20,"No_Religion",311505,47.975881533
21,"No_Religion",327610,49.018830377
22,"No_Religion",342700,49.845822667
23,"No_Religion",354445,50.7589969783
24,"No_Religion",365730,51.4391803037
25,"No_Religion",369705,51.9317886516
26,"No_Religion",380315,52.2841627715
27,"No_Religion",388720,52.325377916
28,"No_Religion",393830,52.071185858
29,"No_Religion",401070,51.6347063708
30,"No_Religion",405150,50.7754488204
31,"No_Religion",387125,49.0786462724
32,"No_Religion",378340,47.8526753812
33,"No_Religion",373600,46.7555221826
34,"No_Religion",351775,45.3219011299
35,"No_Religion",344220,44.3325391204
36,"No_Religion",331505,43.2049368879
37,"No_Religion",319905,42.4541823152
38,"No_Religion",309990,41.3946438944
39,"No_Religion",307735,41.0710353342
40,"No_Religion",308955,40.3232858476
41,"No_Religion",298845,39.6241050119
42,"No_Religion",277350,38.8252339523
43,"No_Religion",257930,38.3510519664
44,"No_Religion",255050,37.8912807713
45,"No_Religion",258890,37.9159343878
46,"No_Religion",265925,38.0050306556
47,"No_Religion",270290,38.0424915024
48,"No_Religion",280125,37.852939388
49,"No_Religion",290325,37.7246325966
50,"No_Religion",288940,36.7940506055
51,"No_Religion",273740,35.6084552846
52,"No_Religion",274230,34.8764450775
53,"No_Religion",265650,33.9966726389
54,"No_Religion",265115,33.7281418766
55,"No_Religion",256135,32.6654891183
56,"No_Religion",248340,31.6778386515
57,"No_Religion",235260,30.7475151444
58,"No_Religion",221160,29.5417660141
59,"No_Religion",206490,28.500051758
60,"No_Religion",192720,27.4764756202
61,"No_Religion",175860,26.3883678706
62,"No_Religion",168290,25.7945357704
63,"No_Religion",158900,25.1298798858
64,"No_Religion",146810,24.3294527075
65,"No_Religion",136915,23.7687273232
66,"No_Religion",129175,23.0418651112
67,"No_Religion",125940,22.4900889317
68,"No_Religion",117735,21.7753569579
69,"No_Religion",112225,21.166540928
70,"No_Religion",107600,20.3141519408
71,"No_Religion",106665,19.7723670674
72,"No_Religion",104850,19.1356560145
73,"No_Religion",108180,18.2391421635
74,"No_Religion",102545,17.4860173249
75,"No_Religion",73820,16.7251965471
76,"No_Religion",73995,16.0421025246
77,"No_Religion",63660,15.1555190515
78,"No_Religion",55630,14.3444683676
79,"No_Religion",45850,13.9654594743
80,"No_Religion",42180,13.7631742095
81,"No_Religion",40735,13.1575122337
82,"No_Religion",37435,12.7941352381
83,"No_Religion",33385,12.3435564676
84,"No_Religion",29680,12.0181405896
85,"No_Religion",26005,11.7888390226
86,"No_Religion",22620,11.5361077111
87,"No_Religion",19415,11.364767173
88,"No_Religion",17230,11.3195151595
89,"No_Religion",14775,11.1278478629
90,"No_Religion",12915,11.1905380816
91,"No_Religion",10505,11.2419070041
92,"No_Religion",8365,11.1585406523
93,"No_Religion",6445,11.0757862176
94,"No_Religion",5085,11.123263699
95,"No_Religion",3740,10.9822346205
96,"No_Religion",2740,10.8708589566
97,"No_Religion",1965,10.9715242881
98,"No_Religion",1450,11.3859442481
99,"No_Religion",1000,11.0253583241
100,"No_Religion",1435,10.9400015247
0,"Sikh",5945,1.0267968946
1,"Sikh",6230,1.0281546028
2,"Sikh",6260,1.0112513832
3,"Sikh",6510,1.0393383996
4,"Sikh",6660,1.0299473428
5,"Sikh",6845,1.0391838346
6,"Sikh",6715,1.0321876537
7,"Sikh",6910,1.0487732692
8,"Sikh",7225,1.0530151212
9,"Sikh",7255,1.0446890772
10,"Sikh",6835,0.9841470965
11,"Sikh",6645,0.9662432839
12,"Sikh",6830,0.9967019817
13,"Sikh",6725,0.9851747678
14,"Sikh",6625,0.9989219182
15,"Sikh",6210,0.9641210352
16,"Sikh",6300,0.9700291779
17,"Sikh",6015,0.9368502208
18,"Sikh",6000,0.9477924335
19,"Sikh",5760,0.8858608306
20,"Sikh",5930,0.9132982697
21,"Sikh",6065,0.9074790337
22,"Sikh",6330,0.9207004887
23,"Sikh",6120,0.8764266995
24,"Sikh",6440,0.9057728957
25,"Sikh",6240,0.876521446
26,"Sikh",6395,0.8791586472
27,"Sikh",6635,0.8931335729
28,"Sikh",6845,0.9050282284
29,"Sikh",7425,0.9559121719
30,"Sikh",7685,0.9631231005
31,"Sikh",8330,1.0560545649
32,"Sikh",8840,1.118088625
33,"Sikh",9050,1.1325949565
34,"Sikh",9155,1.1795096435
35,"Sikh",9300,1.1977590315
36,"Sikh",9530,1.2420417446
37,"Sikh",9345,1.2401629663
38,"Sikh",9715,1.2972965755
39,"Sikh",9635,1.2859097127
40,"Sikh",9820,1.2816580635
41,"Sikh",9760,1.2940864492
42,"Sikh",9095,1.2731765019
43,"Sikh",8440,1.2549252844
44,"Sikh",8565,1.2724517538
45,"Sikh",8175,1.1972759227
46,"Sikh",7740,1.1061725572
47,"Sikh",7655,1.0774178566
48,"Sikh",7425,1.0033309235
49,"Sikh",7125,0.9258176432
50,"Sikh",7125,0.9073081282
51,"Sikh",7230,0.9404878049
52,"Sikh",7085,0.9010670363
53,"Sikh",6640,0.8497568467
54,"Sikh",6070,0.7722302442
55,"Sikh",5750,0.7333108026
56,"Sikh",5470,0.6977441307
57,"Sikh",5395,0.705104328
58,"Sikh",5495,0.7340025513
59,"Sikh",5355,0.7391049308
60,"Sikh",5095,0.7264043342
61,"Sikh",5230,0.7847785964
62,"Sikh",5055,0.7748017013
63,"Sikh",5045,0.7978618252
64,"Sikh",5055,0.8377180263
65,"Sikh",4985,0.8654063156
66,"Sikh",5380,0.9596689321
67,"Sikh",4605,0.8223507982
68,"Sikh",4780,0.8840719094
69,"Sikh",4200,0.7921539042
70,"Sikh",4035,0.7617806978
71,"Sikh",3625,0.6719620365
72,"Sikh",3260,0.5949665103
73,"Sikh",2910,0.490625843
74,"Sikh",2445,0.4169224473
75,"Sikh",2145,0.4859868138
76,"Sikh",1945,0.4216756458
77,"Sikh",1995,0.4749491126
78,"Sikh",2050,0.5286025553
79,"Sikh",1900,0.5787213304
80,"Sikh",1795,0.5857017
81,"Sikh",1760,0.5684846331
82,"Sikh",1595,0.5451220971
83,"Sikh",1330,0.4917456972
84,"Sikh",1155,0.4676870748
85,"Sikh",990,0.4487964096
86,"Sikh",925,0.471746226
87,"Sikh",775,0.4536541107
88,"Sikh",690,0.4533061788
89,"Sikh",550,0.4142346074
90,"Sikh",480,0.4159085001
91,"Sikh",380,0.4066563219
92,"Sikh",235,0.3134796238
93,"Sikh",225,0.3866643753
94,"Sikh",160,0.3499945313
95,"Sikh",100,0.2936426369
96,"Sikh",85,0.3372346757
97,"Sikh",55,0.3070910106
98,"Sikh",45,0.3533568905
99,"Sikh",30,0.3307607497
100,"Sikh",60,0.4574216665
0,"Other_Religion",1565,0.2703006123
1,"Other_Religion",1630,0.2690035317
2,"Other_Religion",1735,0.2802749441
3,"Other_Religion",1815,0.2897694617
4,"Other_Religion",1895,0.2930555878
5,"Other_Religion",2065,0.3135010399
6,"Other_Religion",2065,0.3174188392
7,"Other_Religion",1960,0.2974812746
8,"Other_Religion",2150,0.3133539807
9,"Other_Religion",2215,0.3189505591
10,"Other_Religion",2150,0.3095707765
11,"Other_Religion",2155,0.3133565503
12,"Other_Religion",2175,0.317397776
13,"Other_Religion",2260,0.3310773197
14,"Other_Religion",2220,0.3347330805
15,"Other_Religion",2400,0.3726071634
16,"Other_Religion",2500,0.3849322134
17,"Other_Religion",2710,0.4220887944
18,"Other_Religion",3035,0.4794250059
19,"Other_Religion",3830,0.5890359343
20,"Other_Religion",4085,0.6291439176
21,"Other_Religion",4320,0.646382428
22,"Other_Religion",4530,0.6588899232
23,"Other_Religion",4850,0.6945538387
24,"Other_Religion",5055,0.710975464
25,"Other_Religion",5045,0.7086619703
26,"Other_Religion",5320,0.7313720099
27,"Other_Religion",5220,0.7026612284
28,"Other_Religion",5210,0.6888527495
29,"Other_Religion",5485,0.7061519546
30,"Other_Religion",5865,0.7350314879
31,"Other_Religion",5805,0.7359419867
32,"Other_Religion",6080,0.7690021312
33,"Other_Religion",6160,0.7709154621
34,"Other_Religion",6055,0.7801126042
35,"Other_Religion",5935,0.7643763282
36,"Other_Religion",6055,0.7891461452
37,"Other_Religion",5895,0.7823178905
38,"Other_Religion",6060,0.8092246266
39,"Other_Religion",6375,0.8508224617
40,"Other_Religion",6260,0.8170243867
41,"Other_Religion",6355,0.8426146911
42,"Other_Religion",5935,0.8308194105
43,"Other_Religion",5555,0.8259608951
44,"Other_Religion",5735,0.8520152724
45,"Other_Religion",5725,0.8384592853
46,"Other_Religion",6025,0.8610710151
47,"Other_Religion",6240,0.8782609308
48,"Other_Religion",6260,0.8459059369
49,"Other_Religion",6370,0.8277134578
50,"Other_Religion",6455,0.8219893288
51,"Other_Religion",6300,0.8195121951
52,"Other_Religion",6260,0.7961439164
53,"Other_Religion",5900,0.7550550294
54,"Other_Religion",5990,0.7620525804
55,"Other_Religion",5940,0.7575419422
56,"Other_Religion",5925,0.7557831763
57,"Other_Religion",5500,0.7188273965
58,"Other_Religion",5050,0.6745610344
59,"Other_Religion",4785,0.6604326973
60,"Other_Religion",4720,0.6729398346
61,"Other_Religion",4410,0.6617349159
62,"Other_Religion",4150,0.6360884393
63,"Other_Religion",3870,0.6120367222
64,"Other_Religion",3705,0.6139951112
65,"Other_Religion",3460,0.6006631599
66,"Other_Religion",3270,0.5832931985
67,"Other_Religion",3120,0.5571627558
68,"Other_Religion",3010,0.5567063698
69,"Other_Religion",2800,0.5281026028
70,"Other_Religion",2580,0.4870865428
71,"Other_Religion",2435,0.4513731197
72,"Other_Religion",2205,0.4024236673
73,"Other_Religion",2165,0.3650188832
74,"Other_Religion",2045,0.348714276
75,"Other_Religion",1490,0.3375852459
76,"Other_Religion",1440,0.3121917378
77,"Other_Religion",1190,0.2833029794
78,"Other_Religion",1030,0.2655905522
79,"Other_Religion",920,0.28022296
80,"Other_Religion",835,0.2724573368
81,"Other_Religion",740,0.239021948
82,"Other_Religion",650,0.2221500709
83,"Other_Religion",605,0.2236888322
84,"Other_Religion",475,0.1923388403
85,"Other_Religion",450,0.203998368
86,"Other_Religion",385,0.1963484292
87,"Other_Religion",375,0.2195100536
88,"Other_Religion",270,0.1773806786
89,"Other_Religion",245,0.1845226888
90,"Other_Religion",200,0.1732952084
91,"Other_Religion",190,0.203328161
92,"Other_Religion",120,0.1600747015
93,"Other_Religion",95,0.1632582918
94,"Other_Religion",65,0.1421852784
95,"Other_Religion",50,0.1468213185
96,"Other_Religion",45,0.1785360048
97,"Other_Religion",25,0.139586823
98,"Other_Religion",20,0.1570475069
99,"Other_Religion",20,0.2205071665
100,"Other_Religion",30,0.2287108333
0,"Not_answered",49800,8.6012591
1,"Not_answered",47960,7.91497508
2,"Not_answered",45675,7.378419637
3,"Not_answered",43615,6.9632479724
4,"Not_answered",43400,6.7116688704
5,"Not_answered",43050,6.5356996463
6,"Not_answered",41645,6.4014080177
7,"Not_answered",40825,6.1962617532
8,"Not_answered",42260,6.159227546
9,"Not_answered",41660,5.9988624337
10,"Not_answered",41175,5.9286403364
11,"Not_answered",40275,5.8563503777
12,"Not_answered",39945,5.829174328
13,"Not_answered",41100,6.0209193988
14,"Not_answered",40430,6.0960623629
15,"Not_answered",39360,6.1107574793
16,"Not_answered",40275,6.2012579585
17,"Not_answered",41085,6.3990841763
18,"Not_answered",48905,7.7252981597
19,"Not_answered",61000,9.381512269
20,"Not_answered",57840,8.9081234262
21,"Not_answered",56445,8.4456148488
22,"Not_answered",51555,7.4986909472
23,"Not_answered",48270,6.9126007819
24,"Not_answered",46825,6.5858409693
25,"Not_answered",46000,6.4615363005
26,"Not_answered",46690,6.4187517184
27,"Not_answered",47735,6.4255811762
28,"Not_answered",47960,6.3411473828
29,"Not_answered",48550,6.2504425519
30,"Not_answered",49930,6.2574803396
31,"Not_answered",48600,6.1613747726
32,"Not_answered",48650,6.1532818557
33,"Not_answered",48115,6.0215255616
34,"Not_answered",45900,5.9136529369
35,"Not_answered",45170,5.8175027368
36,"Not_answered",44125,5.7507966401
37,"Not_answered",42755,5.6739612225
38,"Not_answered",42015,5.6104905424
39,"Not_answered",41295,5.5113276167
40,"Not_answered",41480,5.4137654253
41,"Not_answered",40820,5.4123574649
42,"Not_answered",38350,5.3684792575
43,"Not_answered",35860,5.3319455803
44,"Not_answered",35785,5.3163673099
45,"Not_answered",36060,5.2811950791
46,"Not_answered",37240,5.3222049135
47,"Not_answered",37755,5.3139008719
48,"Not_answered",40050,5.4119061936
49,"Not_answered",41870,5.4405592588
50,"Not_answered",43180,5.4986056107
51,"Not_answered",41970,5.4595121951
52,"Not_answered",43200,5.4941561002
53,"Not_answered",43220,5.5310980292
54,"Not_answered",43615,5.5487351072
55,"Not_answered",44050,5.6177984097
56,"Not_answered",44590,5.6878264696
57,"Not_answered",43720,5.7140243225
58,"Not_answered",42630,5.694363742
59,"Not_answered",40555,5.5974604051
60,"Not_answered",38950,5.5531793556
61,"Not_answered",36690,5.5054544363
62,"Not_answered",35815,5.4895198682
63,"Not_answered",34015,5.3794390454
64,"Not_answered",32545,5.3933794589
65,"Not_answered",30940,5.3712480253
66,"Not_answered",30190,5.3852054013
67,"Not_answered",30350,5.4198364227
68,"Not_answered",28920,5.3488200044
69,"Not_answered",28720,5.4168238401
70,"Not_answered",28695,5.4174218396
71,"Not_answered",28920,5.3608667847
72,"Not_answered",28970,5.287171719
73,"Not_answered",30890,5.2080523334
74,"Not_answered",30285,5.1642111725
75,"Not_answered",23180,5.2518295308
76,"Not_answered",24550,5.3224355292
77,"Not_answered",22455,5.3458558012
78,"Not_answered",20770,5.3556463778
79,"Not_answered",17980,5.4765313271
80,"Not_answered",16895,5.5127744967
81,"Not_answered",17145,5.5378801337
82,"Not_answered",16370,5.5947640937
83,"Not_answered",15390,5.6902002107
84,"Not_answered",14415,5.8369776482
85,"Not_answered",12965,5.8774196473
86,"Not_answered",11890,6.0638514892
87,"Not_answered",10370,6.0701846811
88,"Not_answered",9900,6.503958217
89,"Not_answered",8785,6.6164564112
90,"Not_answered",8010,6.9404730959
91,"Not_answered",6665,7.1325378565
92,"Not_answered",5635,7.5168411926
93,"Not_answered",4425,7.6043993813
94,"Not_answered",3630,7.9405009297
95,"Not_answered",2885,8.4715900749
96,"Not_answered",2280,9.0458242412
97,"Not_answered",1665,9.2964824121
98,"Not_answered",1225,9.6191597958
99,"Not_answered",960,10.5843439912
100,"Not_answered",1335,10.1776320805